Name,Location,Rating,Contact
Heather Brown Face and Body Studio,"11057 Allisonville Rd, Fishers, IN, 46038",5.0,+13175377043
Kurr Aesthetics and Med Spa,"222 W Main St, Carmel, IN, 46032",5.0,+13177061222
Interface Aesthetic Surgery Group,"10300 N Illinois St, Indianapolis, IN, 46290",4.0,+13178150055
Invigorate Spa,"4825 E 96th St, Indianapolis, IN, 46240",4.5,+13176887275
Indy Skin Diva,"714 E 65th St, Indianapolis, IN, 46220",5.0,+13173319317
"MD Medical Weight Loss,Wellness Center & Med Spa","6822 E 82nd St, Indianapolis, IN, 46250",5.0,+13175484666
Access Family Physicians,"1503 W Oak St, Zionsville, IN, 46077",5.0,+13179734894
Heather Brown Face and Body Studio,"820 E 116th St, Carmel, IN, 46032",5.0,+13175377043
Turkle & Associates,"11455 N Meridian St, Carmel, IN, 46032",4.0,+13178480001
Fountain of Youth by Stacy,"10385 Commerce Dr, Carmel, IN, 46032",5.0,+13172945447
Megan Danielle Skincare,"736 Hanover Pl, Carmel, IN, 46032",5.0,+13175048718
The Beauty Lounge,"2325 Pointe Pkwy, Carmel, IN, 46032",4.0,+13175696448
Skin Renew Day Spa,"5220 E Southport Rd, Indianapolis, IN, 46237",4.0,+13178487546
Adore Aesthetic & Hair Salon,"5855 E 211th St, Noblesville, IN, 46062",4.0,+13173997954
Euphoria Spa & Wellness Center,"4905 E Main St, Avon, IN, 46123",4.5,+13177180800
